id,firstName,lastName,age,country
3157,John,Doe,25,USA
2398,Jane,Smith,30,Canada
1781,Bob,Johnson,22,UK
921,Alice,Williams,28,Germany
2593,Michael,Brown,35,Australia
3466,Emily,Davis,29,France
1272,David,Miller,31,Spain
1928,Olivia,Jones,26,Italy
3487,William,Clark,24,Japan
1934,Sophia,Lee,27,South Korea
3877,Liam,Anderson,33,Brazil
2091,Emma,Martin,32,Mexico
2861,Mason,Wang,23,China
1259,Chloe,Kim,30,South Africa
3778,Aiden,Chavez,29,Argentina
2830,Grace,Lopez,26,India
1816,Carter,Martinez,28,Russia
3010,Lily,Nguyen,34,Vietnam
3490,Logan,Kumar,31,New Zealand
2765,Abigail,Singh,27,Singapore
1874,Ethan,Garcia,25,Philippines
3552,Isabella,Khan,22,Malaysia
1503,Mia,Li,29,Taiwan
1204,Noah,Fernandez,32,Thailand
3989,Sophie,Miyamoto,28,Japan
